Pair_type	Metric	n	mean	median	q1	q3	min	max
all-within-locus	Pearson_r	877	0.17424781919173632	0.1418163162386454	-0.12129893989782364	0.4708421323050218	-0.6526388343801987	1.0
all-within-locus	Library_Jaccard	877	0.024953850047061233	0.0	0.0	0.0	0.0	0.8251748251748252
