Pair_type	Metric	n	mean	median	q1	q3	min	max
all-within-locus	Pearson_r	888	0.1711688175040602	0.14068400680483295	-0.11858392153014255	0.46666328256824774	-0.6526388343801987	1.0
all-within-locus	Library_Jaccard	888	0.02464473703972151	0.0	0.0	0.0	0.0	0.8251748251748252
